"","MOUSIG.A","MOUSIG.B"
"A[C>A]A",0.0178437612228719,0.0252506922961449
"A[C>A]C",0.00553674931674374,0.00704722874472023
"A[C>A]G",0.00253369361768204,0.0049404686401622
"A[C>A]T",0.00442194256869725,0.0105493596856184
"A[C>G]A",0,0
"A[C>G]C",0,0
"A[C>G]G",0,0
"A[C>G]T",0,0
"A[C>T]A",0.0413713799262406,0.0408680465994848
"A[C>T]C",0.045518913108785,0.05229179759625
"A[C>T]G",0.0218770442764746,0.014762867933272
"A[C>T]T",0.02661293371235,0.0357389076226341
"A[T>A]A",0.010034948795353,0.0373086340884504
"A[T>A]C",0.00933957216012125,0.0375846671965933
"A[T>A]G",0.0136907221225181,0.0458376660661746
"A[T>A]T",0.00725934583728789,0.0328953139531992
"A[T>C]A",0.0195059436415929,0.0142212303047352
"A[T>C]C",0.0199425187194289,0.015094475236022
"A[T>C]G",0.0511241061976094,0.034627622465838
"A[T>C]T",0.0181318373745946,0.012985128437273
"A[T>G]A",0.0106236613779883,0.00754009842858784
"A[T>G]C",0.014139906865467,0.0115123634318452
"A[T>G]G",0.00807589636934064,0.00712612682155806
"A[T>G]T",0.0082829780536834,0.00460086665349124
"C[C>A]A",0.00618755721217039,0.011780147327827
"C[C>A]C",0.00350792206108624,0.00339749146236369
"C[C>A]G",0,0
"C[C>A]T",0.00394789263260329,0.00455127521404186
"C[C>G]A",0,0
"C[C>G]C",0,0
"C[C>G]G",0,0
"C[C>G]T",0,0
"C[C>T]A",0.0172041663528844,0.00950191326144209
"C[C>T]C",0.0186635045666881,0.0121195448208583
"C[C>T]G",0.0103292990453487,0.00420791948141695
"C[C>T]T",0.0263083553926538,0.00692219620890833
"C[T>A]A",0.00563712340561585,0.00962689018721676
"C[T>A]C",0.00911891490557321,0.0168473186863011
"C[T>A]G",0.00875895919394077,0.0261109464079688
"C[T>A]T",0.00662650943471183,0.0131500478512954
"C[T>C]A",0.00761537616919157,0.00327955746358344
"C[T>C]C",0.0342785787522124,0.0108459702652066
"C[T>C]G",0.0151693524331784,0.00958949315570239
"C[T>C]T",0.0175105144407002,0.00503342397963663
"C[T>G]A",0,0
"C[T>G]C",0.00729453475174976,0.00527672203980537
"C[T>G]G",0.00606856538961005,0.00293422333394277
"C[T>G]T",0,0
"G[C>A]A",0.00902945682795227,0.00619103863051181
"G[C>A]C",0.00324916668051001,0.00312786861139232
"G[C>A]G",0.00221897051910727,0.00291494818595894
"G[C>A]T",0.00461484126848651,0.00551177143512848
"G[C>G]A",0,0
"G[C>G]C",0,0
"G[C>G]G",0,0
"G[C>G]T",0,0
"G[C>T]A",0.00822853342657131,0.00640960683954956
"G[C>T]C",0.0127947410708556,0.011482093382749
"G[C>T]G",0.00589639098058403,0.00325521325748315
"G[C>T]T",0.011254104809593,0.00702978187904682
"G[T>A]A",0.00791910392899176,0.0122674491884715
"G[T>A]C",0.00447480830380386,0.0176351719166561
"G[T>A]G",0.0114319670887961,0.0193421260351347
"G[T>A]T",0.00668857361432632,0.0140873570483986
"G[T>C]A",0.0101633114930438,0.0116815868695893
"G[T>C]C",0.0146168998624712,0.0127083533025054
"G[T>C]G",0.0242265528905849,0.0142587995062707
"G[T>C]T",0.0132044805383516,0.00934068744933366
"G[T>G]A",0.0104461265461536,0.00261857104928391
"G[T>G]C",0.00845055895883932,0.00771078567560924
"G[T>G]G",0.0436421475539666,0.00189993675218735
"G[T>G]T",0.00655481187440072,0.00166390956379828
"T[C>A]A",0.00730961009571163,0.0141754594818312
"T[C>A]C",0.00332453238263655,0.00930789141376168
"T[C>A]G",0,0
"T[C>A]T",0.00464367358781462,0.0096498199690933
"T[C>G]A",0,0
"T[C>G]C",0.00746998636165902,0.000511476503225669
"T[C>G]G",0,0
"T[C>G]T",0,0
"T[C>T]A",0.019832232895005,0.0222253337605395
"T[C>T]C",0.042049589290205,0.0394392996808268
"T[C>T]G",0.01126697827714,0.0048951184941062
"T[C>T]T",0.0290010281408112,0.0167736264840543
"T[T>A]A",0.00543273854317107,0.0158085177696641
"T[T>A]C",0.0051852434722848,0.0180333656790824
"T[T>A]G",0.0045846647895038,0.0173794736969236
"T[T>A]T",0.00454907559250749,0.0157057600095661
"T[T>C]A",0.00497123459649646,0.00624286851925136
"T[T>C]C",0.0232502135580948,0.00892741630552501
"T[T>C]G",0.012301640333412,0.00648709213100341
"T[T>C]T",0.0118890199071881,0.00458736827732189
"T[T>G]A",0.00526837843269006,0.00134841495880412
"T[T>G]C",0.00985579650605399,0.00459646489363037
"T[T>G]G",0.00478078133017234,0.00193278291761212
"T[T>G]T",0.00383305226530284,0.00287674912554599
