"","BLCA.1","BLCA.2","BLCA.3","BLCA.4","BLCA.5","BLCA.6"
"A[C>A]A",0.00140893151589003,0.000121279445285476,4.42396783970192e-05,0.00752499538197885,0.0466473083615149,0.00134547511846588
"A[C>A]C",0.000281159664241971,1.87581747501585e-06,6.11794648637542e-05,0.0228142424998268,0.0213214622296732,0.0129172281175204
"A[C>A]G",0.00614256023805019,0.000237185059170796,1.79535110666609e-06,0.0124630346558321,0.00900921222433959,0.00319552441538585
"A[C>A]T",0.00202779766439197,3.32191586267449e-08,8.60175108271081e-05,0.00420434348117208,0.0245044318982179,0.00279343176789539
"A[C>G]A",0.000582878259215193,0.000569665411939321,0.00263846132116186,0.00655815722630921,0.014674610219184,0.00254396977387393
"A[C>G]C",0.000866787479297597,0.00114297732605484,0.000759158107307713,0.00228835195781333,0.0170416214278713,0.00316400182219163
"A[C>G]G",0.00129340601002058,0.000891551363573029,0.00031508686836933,0.00109611765541384,0.0190823435996579,0.000519484579288709
"A[C>G]T",0.000434395197050647,0.00289616411039137,0.00110106825002294,0.00837438410476013,0.0123427509394561,0.0184427538471779
"A[C>T]A",0.0157912080154514,0.00489806550201152,0.000617088532498728,0.0202529993607696,0.0108798057358443,0.00266865047500277
"A[C>T]C",0.0149103860504573,0.00338576431267393,0.000840159696741793,0.0215412895569288,0.0103778680198563,0.00204872915294141
"A[C>T]G",0.154628078311104,0.00437663197149644,0.000532178894468031,0.0197523391887891,0.00265990443394458,0.015553358526099
"A[C>T]T",0.00498761626285845,0.0014021449851346,2.45901908138335e-05,0.00681680210775423,0.0191449460953636,0.0122407114009613
"A[T>A]A",0.00146866507580105,5.1790746476051e-05,1.96089475456439e-05,0.00505611381472597,0.00351533913164956,0.00783586697053393
"A[T>A]C",0.000446161343068352,0.000275156906645463,0.000293280504097086,0.00789159395288312,0.00966788051942361,0.0131571541332466
"A[T>A]G",0.0059235552905654,4.02116553773242e-05,3.75721927306179e-05,0.00874010403977858,0.000888096637909569,0.0299546566624828
"A[T>A]T",6.31573332664454e-05,0.00039482499420168,6.65546856972396e-05,0.00962187205906606,0.00456057847219328,0.00442488533622509
"A[T>C]A",0.00227641216711332,0.000623823357903246,0.000385583138870006,0.0470306358746932,0.00240838126156482,0.0181998049598185
"A[T>C]C",0.000339794984131627,0.0012071687900561,0.000245306497029774,0.0158624318709983,0.0103250706015106,0.00371816122072301
"A[T>C]G",0.0146304019359787,3.58197502857005e-05,2.06801569366461e-06,0.0321562079058017,0.00108642214837157,0.0208346621124307
"A[T>C]T",0.00479658434065685,0.000820922673680226,0.00193051670765784,0.0334560171667846,0.00669130703523963,0.00367134390835898
"A[T>G]A",0,0,0,0,0,0
"A[T>G]C",0,0,0,0,0,0
"A[T>G]G",0.000848522071657839,4.09599085825012e-05,0.000149253046589362,0.00372154783506547,0.00765103378259133,0.00134087422972911
"A[T>G]T",0,0,0,0,0,0
"C[C>A]A",0.000623889232693252,1.88318934840546e-16,0.00215524274838463,0.00965218380244192,0.0359801620041851,0.0141203562161503
"C[C>A]C",0.00109845876931505,1.88318934840546e-16,0.00255731312251385,0.0113296515239637,0.0180507940721133,0.00838704176366145
"C[C>A]G",0.00718032742678693,0.00062787474134462,0.000122802809340106,0.0108572927937881,0.00326359902260911,0.0107200095768407
"C[C>A]T",0.00735493842000678,3.78221203289989e-07,0.000172965077702716,0.00531045230718642,0.0265113487948927,0.0159802246860862
"C[C>G]A",0.00424504790827589,0.00055088464490451,0.00307734634517282,0.00734799075808485,0.0135375073520055,0.00256453655706467
"C[C>G]C",9.24780681789465e-05,0.00278743876223606,0.000447511702847891,0.00974282051712387,0.00782602974401407,0.0105912985658156
"C[C>G]G",0.0012181124151463,0.0016792898113141,3.11892346608448e-06,0.0122225568942893,0.00883311990958586,0.00385662776213289
"C[C>G]T",0.0059727472901754,0.000386128090972295,0.00823951482892633,0.013466478775535,0.0128534643935858,0.0142752213026198
"C[C>T]A",0.0245379669166695,0.0168037397306209,0.00514749616682173,0.0321305889751818,0.00310778658627214,0.0121175824241948
"C[C>T]C",0.0315485110529001,0.00545674610678029,0.000141389844497939,0.0283485149142311,0.00464397971542982,0.00820439607913822
"C[C>T]G",0.167416394799007,0.00719607259402954,0.00702412513473029,0.0269961099466078,0.00547251310849487,0.00786173807390117
"C[C>T]T",0.00654892287364006,0.00928886271730043,0.0020586033290159,0.0343545189274504,0.0157813401667216,0.00461064080099876
"C[T>A]A",6.03261133760542e-06,6.39800448145635e-07,1.78995086916113e-06,0.00147250809654541,0.000402177429302863,0.0245703064545211
"C[T>A]C",0.00017654314450372,1.16393238843393e-15,1.8675719453508e-05,0.00328260733321371,0.00218116570189008,0.0522622136196677
"C[T>A]G",2.29688241764538e-16,1.88318934840546e-16,5.89507237583785e-07,0.00494019102152459,0.000999915579081798,0.0827254155546189
"C[T>A]T",0.000158168964962629,0.000377821134884979,0.000272866065746222,0.00288611500602015,0.000606101628609631,0.0519192981420772
"C[T>C]A",0.00231564060686196,1.78464060041344e-06,4.89640410025326e-05,0.0132406467543855,0.001099045283345,0.00693014760678181
"C[T>C]C",0.010670306859563,6.09118752517565e-05,0.000175399229800719,0.0121014367453401,0.00306936636027841,0.00704593499227856
"C[T>C]G",0.0108062996102825,0.00100475881247931,0.000855044970461719,0.0309765527229761,0.00126592655512555,0.00679379346953661
"C[T>C]T",0.0089104308404961,2.12521753672655e-05,0.000398306390439113,0.0189597558114864,0.00341958314127537,0.00174866875525738
"C[T>G]A",0,0,0,0,0,0
"C[T>G]C",0.000760313604057875,0.000361986379590397,1.26990339745234e-05,0.00238369205149873,0.00258196678396321,0.0130733080060063
"C[T>G]G",0.00013409094701844,2.39828754749407e-05,2.6685258202994e-05,0.00139277016134344,0.0146369361344512,0.00877066188473002
"C[T>G]T",0.000118281947840575,3.36669209493122e-06,4.18313778782466e-06,0.00481126888572454,0.0168845457532635,0.0135463485072275
"G[C>A]A",0.00394343273197887,1.88318934840546e-16,1.3992252894559e-06,0.00687900191080235,0.0354437206042799,0.0144138768128793
"G[C>A]C",0.0104823543793449,0.000432054932345335,0.000246510686025936,0.0132038752301672,0.0155575312634941,0.00751944904648021
"G[C>A]G",0.00626332273499498,1.74424351863671e-06,0.000118577741866617,0.00571014901101171,0.00795600013277306,0.00478095191915354
"G[C>A]T",0.00248403847119641,1.13643756643033e-05,4.00362533355137e-06,0.00614664827607085,0.0345321902927971,0.00955526091220458
"G[C>G]A",0.000221915863646793,2.45231557071086e-05,0.00213029961634635,0.00551993453213345,0.00674557128429009,0.00843260006641611
"G[C>G]C",0.000370404226741086,8.23776022104196e-05,0.00017302682923191,0.00429100070675006,0.0206874234807133,0.0131550853490033
"G[C>G]G",0.000259651403031106,5.02500549821014e-05,0.00126340415149851,0.00332353381796151,0.00523039035447825,0.0047365760034334
"G[C>G]T",0.00113168607190271,4.00948949808593e-06,0.00488321717120609,0.00328821199376109,0.0212521618896224,0.0140216393661939
"G[C>T]A",0.0165562648367658,0.00685664112155716,0.00643862424123732,0.0165927782339103,0.00847494688199227,0.00496397799296965
"G[C>T]C",0.0462229218773064,0.00597120150551461,0.000699421910897747,0.0380395150730191,0.00630517017794591,0.0173309768826731
"G[C>T]G",0.160409677051374,0.00538126245755307,0.00326386354995335,0.0165800114881902,0.0200056942088597,0.0155049772860563
"G[C>T]T",0.00887122910991438,0.000256124053418967,0.00512715663574496,0.0181583790684503,0.0198757811785901,0.00810539402739568
"G[T>A]A",4.99805934818866e-05,1.88318934840546e-16,5.82748513541674e-06,0.00184340712613367,0.000321523669332774,0.0292632536043715
"G[T>A]C",0.000287378476259574,0.000482606852259813,9.38424535586463e-06,0.00624856375859798,0.00500020108580097,0.00316294053859181
"G[T>A]G",0.0032911132272379,0.000177557375601188,2.20077775466643e-05,0.00296361183096814,0.00241994311226439,0.014982132615546
"G[T>A]T",0.000505154731580886,6.02320623278952e-06,3.86603760057655e-05,0.00550752854213676,0.0020589182107371,0.0174600456413863
"G[T>C]A",0.00155819456210367,0.00287116205952673,0.000191141656892639,0.012823184327579,0.0158083815398046,0.0148831969595994
"G[T>C]C",0.00181435028633441,0.000117857453119395,0.00033151378894341,0.0139586861970052,0.00621587407235045,0.0142398256274479
"G[T>C]G",0.000503745533433124,0.000858846767912646,1.76645640333852e-16,0.016482982057131,0.00854818398406901,0.0152279276556435
"G[T>C]T",0.00922827069311684,0.000587734150456156,4.18279931886074e-07,0.0105292553815761,0.0101554394530561,0.00146952751181479
"G[T>G]A",0,0,0,0,0,0
"G[T>G]C",0,0,0,0,0,0
"G[T>G]G",0.00817208011704076,0.00154915717268718,0.000158581459791481,0.00160709558085221,0.00267131811785394,0.0136016335955243
"G[T>G]T",0.000155618942518698,1.343243944567e-05,0.000712683834869663,0.00236807717789477,0.00949134555032047,0.00358849990148249
"T[C>A]A",0.0120082069436639,0.00596510534190554,0.0423288110319689,0.00399518853483296,0.0207907433689109,0.00739325795905542
"T[C>A]C",0.00403223738660867,1.23314328386288e-05,0.0307333684327225,0.0307751517461786,0.0217105309119595,0.00336993862841071
"T[C>A]G",0.0141126203999139,0.00386162553576278,0.00788404404869561,0.00458483835155052,0.00996508311939526,0.000971838213075281
"T[C>A]T",0.0162783015239617,0.00960902094123132,0.0215822652524576,0.000778742567813225,0.0613468313081005,0.00321619476639904
"T[C>G]A",0.00606007770315906,0.00724248550957073,0.256756068326797,0.000359131743503707,2.81755871724328e-16,0.00697519852436153
"T[C>G]C",0.00947878902043869,0.000467042090660874,0.0936195768079051,0.00826381230696865,0.0132005804212016,0.00399401650552281
"T[C>G]G",0.000721046478007203,0.000974476231714358,0.0338929342130746,0.00320183281484472,0.00978269177119497,0.00315701409308909
"T[C>G]T",0.00130524013086054,0.0191100603371638,0.367965420643696,5.74844287198686e-06,2.81755871724328e-16,0.00241472125248926
"T[C>T]A",0.00371022513227746,0.382913174325379,0.0380330233902776,0.0345893392871224,0.00149910401953386,0.00224566152220118
"T[C>T]C",0.00608597058742457,0.139434436569243,0.0007759644302804,0.0264220022283063,0.0124127489147064,0.035705414912667
"T[C>T]G",0.0862673285939794,0.175300289224063,0.00634574202799997,0.00128524442170789,0.0427950855782541,0.00730196029093946
"T[C>T]T",0.0175308233562437,0.157537522724707,0.0294109472710945,0.0159058955246312,0.00661123079794928,0.0134182523258179
"T[T>A]A",0.00107413063856953,5.15315055287901e-05,0.000790904769396131,0.00299320512893226,0.0038543588833766,0.00711571876888187
"T[T>A]C",0.00034225389975105,3.12475175299022e-05,0.000741076466789785,0.00454462358612281,0.00390095008370741,0.0203649226051462
"T[T>A]G",2.29688241764538e-16,2.03965833513462e-06,1.76645640333852e-16,0.001915469840831,0.000385453787835702,0.0323642113803939
"T[T>A]T",0.00306675889434449,7.77755887445556e-05,9.11075263920074e-05,0.00363893133863974,0.00611758397176648,0.00927177967486349
"T[T>C]A",0.000550478592078898,0.000147261102512993,3.83165792555393e-05,0.0152433770918794,0.00166854728053224,0.00287264610342315
"T[T>C]C",0.000456621059796135,0.000725739718913751,4.0643621256188e-07,0.0097317538271277,0.0168180305429736,0.00663000651104819
"T[T>C]G",0.000662584000093974,0.000622487547981746,1.1651889789575e-07,0.00968571083618196,0.014285051866265,0.00622701662145462
"T[T>C]T",0.00639447305383987,4.01198774087901e-07,7.13036840388641e-05,0.00733597008809677,0.00323710075544233,0.00850699145840197
"T[T>G]A",0,0,0,0,0,0
"T[T>G]C",0,0,0,0,0,0
"T[T>G]G",0.000156528441426645,1.88318934840546e-16,2.32917870896431e-07,0.00116885488818841,0.0126715769201141,0.000938026311422691
"T[T>G]T",0.000880154722265862,0.000130078313753316,5.24399418490738e-06,0.006079457658477,0.0147002551554796,0.00189896292300781
